id,name,pop2018,fips
0500000US01003,"Baldwin County, Alabama",218022,01003
0500000US01015,"Calhoun County, Alabama",114277,01015
0500000US01043,"Cullman County, Alabama",83442,01043
0500000US01049,"DeKalb County, Alabama",71385,01049
0500000US01051,"Elmore County, Alabama",81887,01051
0500000US01055,"Etowah County, Alabama",102501,01055
0500000US01069,"Houston County, Alabama",104722,01069
0500000US01073,"Jefferson County, Alabama",659300,01073
0500000US01077,"Lauderdale County, Alabama",92387,01077
0500000US01081,"Lee County, Alabama",163941,01081
0500000US01083,"Limestone County, Alabama",96174,01083
0500000US01089,"Madison County, Alabama",366519,01089
0500000US01095,"Marshall County, Alabama",96109,01095
0500000US01097,"Mobile County, Alabama",413757,01097
0500000US01101,"Montgomery County, Alabama",225763,01101
0500000US01103,"Morgan County, Alabama",119089,01103
0500000US01115,"St. Clair County, Alabama",88690,01115
0500000US01117,"Shelby County, Alabama",215707,01117
0500000US01121,"Talladega County, Alabama",79828,01121
0500000US01125,"Tuscaloosa County, Alabama",208911,01125
0500000US01127,"Walker County, Alabama",63711,01127
0500000US02020,"Anchorage Municipality, Alaska",291538,02020
0500000US02090,"Fairbanks North Star Borough, Alaska",98971,02090
0500000US02170,"Matanuska-Susitna Borough, Alaska",107610,02170
0500000US04001,"Apache County, Arizona",71818,04001
0500000US04003,"Cochise County, Arizona",126770,04003
0500000US04005,"Coconino County, Arizona",142854,04005
0500000US04013,"Maricopa County, Arizona",4410824,04013
0500000US04015,"Mohave County, Arizona",209550,04015
0500000US04017,"Navajo County, Arizona",110445,04017
0500000US04019,"Pima County, Arizona",1039073,04019
0500000US04021,"Pinal County, Arizona",447138,04021
0500000US04025,"Yavapai County, Arizona",231993,04025
0500000US04027,"Yuma County, Arizona",212128,04027
0500000US05007,"Benton County, Arkansas",272608,05007
0500000US05031,"Craighead County, Arkansas",108558,05031
0500000US05045,"Faulkner County, Arkansas",124806,05045
0500000US05051,"Garland County, Arkansas",99154,05051
0500000US05069,"Jefferson County, Arkansas",68114,05069
0500000US05085,"Lonoke County, Arkansas",73657,05085
0500000US05119,"Pulaski County, Arkansas",392680,05119
0500000US05125,"Saline County, Arkansas",121421,05125
0500000US05131,"Sebastian County, Arkansas",127753,05131
0500000US05143,"Washington County, Arkansas",236961,05143
0500000US05145,"White County, Arkansas",78727,05145
0500000US06001,"Alameda County, California",1666753,06001
0500000US06007,"Butte County, California",231256,06007
0500000US06013,"Contra Costa County, California",1150215,06013
0500000US06017,"El Dorado County, California",190678,06017
0500000US06019,"Fresno County, California",994400,06019
0500000US06023,"Humboldt County, California",136373,06023
0500000US06025,"Imperial County, California",181827,06025
0500000US06029,"Kern County, California",896764,06029
0500000US06031,"Kings County, California",151366,06031
0500000US06033,"Lake County, California",64382,06033
0500000US06037,"Los Angeles County, California",10105518,06037
0500000US06039,"Madera County, California",157672,06039
0500000US06041,"Marin County, California",259666,06041
0500000US06045,"Mendocino County, California",87606,06045
0500000US06047,"Merced County, California",274765,06047
0500000US06053,"Monterey County, California",435594,06053
0500000US06055,"Napa County, California",139417,06055
0500000US06057,"Nevada County, California",99696,06057
0500000US06059,"Orange County, California",3185968,06059
0500000US06061,"Placer County, California",393149,06061
0500000US06065,"Riverside County, California",2450758,06065
0500000US06067,"Sacramento County, California",1540975,06067
0500000US06071,"San Bernardino County, California",2171603,06071
0500000US06073,"San Diego County, California",3343364,06073
0500000US06075,"San Francisco County, California",883305,06075
0500000US06077,"San Joaquin County, California",752660,06077
0500000US06079,"San Luis Obispo County, California",284010,06079
0500000US06081,"San Mateo County, California",769545,06081
0500000US06083,"Santa Barbara County, California",446527,06083
0500000US06085,"Santa Clara County, California",1937570,06085
0500000US06087,"Santa Cruz County, California",274255,06087
0500000US06089,"Shasta County, California",180040,06089
0500000US06095,"Solano County, California",446610,06095
0500000US06097,"Sonoma County, California",499942,06097
0500000US06099,"Stanislaus County, California",549815,06099
0500000US06101,"Sutter County, California",96807,06101
0500000US06107,"Tulare County, California",465861,06107
0500000US06111,"Ventura County, California",850967,06111
0500000US06113,"Yolo County, California",220408,06113
0500000US06115,"Yuba County, California",78041,06115
0500000US08001,"Adams County, Colorado",511868,08001
0500000US08005,"Arapahoe County, Colorado",651215,08005
0500000US08013,"Boulder County, Colorado",326078,08013
0500000US08014,"Broomfield County, Colorado",69267,08014
0500000US08031,"Denver County, Colorado",716492,08031
0500000US08035,"Douglas County, Colorado",342776,08035
0500000US08041,"El Paso County, Colorado",713856,08041
0500000US08059,"Jefferson County, Colorado",580233,08059
0500000US08069,"Larimer County, Colorado",350518,08069
0500000US08077,"Mesa County, Colorado",153207,08077
0500000US08101,"Pueblo County, Colorado",167529,08101
0500000US08123,"Weld County, Colorado",314305,08123
0500000US09001,"Fairfield County, Connecticut",943823,09001
0500000US09003,"Hartford County, Connecticut",892697,09003
0500000US09005,"Litchfield County, Connecticut",181111,09005
0500000US09007,"Middlesex County, Connecticut",162682,09007
0500000US09009,"New Haven County, Connecticut",857620,09009
0500000US09011,"New London County, Connecticut",266784,09011
0500000US09013,"Tolland County, Connecticut",150921,09013
0500000US09015,"Windham County, Connecticut",117027,09015
0500000US10001,"Kent County, Delaware",178550,10001
0500000US10003,"New Castle County, Delaware",559335,10003
0500000US10005,"Sussex County, Delaware",229286,10005
0500000US11001,"District of Columbia, District of Columbia",702455,11001
0500000US12001,"Alachua County, Florida",269956,12001
0500000US12005,"Bay County, Florida",185287,12005
0500000US12009,"Brevard County, Florida",596849,12009
0500000US12011,"Broward County, Florida",1951260,12011
0500000US12015,"Charlotte County, Florida",184998,12015
0500000US12017,"Citrus County, Florida",147929,12017
0500000US12019,"Clay County, Florida",216072,12019
0500000US12021,"Collier County, Florida",378488,12021
0500000US12023,"Columbia County, Florida",70503,12023
0500000US12031,"Duval County, Florida",950181,12031
0500000US12033,"Escambia County, Florida",315534,12033
0500000US12035,"Flagler County, Florida",112067,12035
0500000US12053,"Hernando County, Florida",190865,12053
0500000US12055,"Highlands County, Florida",105424,12055
0500000US12057,"Hillsborough County, Florida",1436888,12057
0500000US12061,"Indian River County, Florida",157413,12061
0500000US12069,"Lake County, Florida",356495,12069
0500000US12071,"Lee County, Florida",754610,12071
0500000US12073,"Leon County, Florida",292502,12073
0500000US12081,"Manatee County, Florida",394855,12081
0500000US12083,"Marion County, Florida",359977,12083
0500000US12085,"Martin County, Florida",160912,12085
0500000US12086,"Miami-Dade County, Florida",2761581,12086
0500000US12087,"Monroe County, Florida",75027,12087
0500000US12089,"Nassau County, Florida",85832,12089
0500000US12091,"Okaloosa County, Florida",207269,12091
0500000US12095,"Orange County, Florida",1380645,12095
0500000US12097,"Osceola County, Florida",367990,12097
0500000US12099,"Palm Beach County, Florida",1485941,12099
0500000US12101,"Pasco County, Florida",539630,12101
0500000US12103,"Pinellas County, Florida",975280,12103
0500000US12105,"Polk County, Florida",708009,12105
0500000US12107,"Putnam County, Florida",74163,12107
0500000US12109,"St. Johns County, Florida",254261,12109
0500000US12111,"St. Lucie County, Florida",321128,12111
0500000US12113,"Santa Rosa County, Florida",179349,12113
0500000US12115,"Sarasota County, Florida",426718,12115
0500000US12117,"Seminole County, Florida",467832,12117
0500000US12119,"Sumter County, Florida",128754,12119
0500000US12127,"Volusia County, Florida",547538,12127
0500000US12131,"Walton County, Florida",71375,12131
0500000US13013,"Barrow County, Georgia",80809,13013
0500000US13015,"Bartow County, Georgia",106408,13015
0500000US13021,"Bibb County, Georgia",153095,13021
0500000US13031,"Bulloch County, Georgia",77296,13031
0500000US13045,"Carroll County, Georgia",118121,13045
0500000US13047,"Catoosa County, Georgia",67420,13047
0500000US13051,"Chatham County, Georgia",289195,13051
0500000US13057,"Cherokee County, Georgia",254149,13057
0500000US13059,"Clarke County, Georgia",127330,13059
0500000US13063,"Clayton County, Georgia",289615,13063
0500000US13067,"Cobb County, Georgia",756865,13067
0500000US13073,"Columbia County, Georgia",154291,13073
0500000US13077,"Coweta County, Georgia",145864,13077
0500000US13089,"DeKalb County, Georgia",756558,13089
0500000US13095,"Dougherty County, Georgia",91243,13095
0500000US13097,"Douglas County, Georgia",145331,13097
0500000US13113,"Fayette County, Georgia",113459,13113
0500000US13115,"Floyd County, Georgia",97927,13115
0500000US13117,"Forsyth County, Georgia",236612,13117
0500000US13121,"Fulton County, Georgia",1050114,13121
0500000US13127,"Glynn County, Georgia",85219,13127
0500000US13135,"Gwinnett County, Georgia",927781,13135
0500000US13139,"Hall County, Georgia",202148,13139
0500000US13151,"Henry County, Georgia",230220,13151
0500000US13153,"Houston County, Georgia",155469,13153
0500000US13157,"Jackson County, Georgia",70422,13157
0500000US13185,"Lowndes County, Georgia",116321,13185
0500000US13215,"Muscogee County, Georgia",194160,13215
0500000US13217,"Newton County, Georgia",109541,13217
0500000US13223,"Paulding County, Georgia",164044,13223
0500000US13245,"Richmond County, Georgia",201554,13245
0500000US13247,"Rockdale County, Georgia",90594,13247
0500000US13255,"Spalding County, Georgia",66100,13255
0500000US13285,"Troup County, Georgia",70034,13285
0500000US13295,"Walker County, Georgia",69410,13295
0500000US13297,"Walton County, Georgia",93503,13297
0500000US13313,"Whitfield County, Georgia",104062,13313
0500000US15001,"Hawaii County, Hawaii",200983,15001
0500000US15003,"Honolulu County, Hawaii",980080,15003
0500000US15007,"Kauai County, Hawaii",72133,15007
0500000US15009,"Maui County, Hawaii",167218,15009
0500000US16001,"Ada County, Idaho",469966,16001
0500000US16005,"Bannock County, Idaho",87138,16005
0500000US16019,"Bonneville County, Idaho",116854,16019
0500000US16027,"Canyon County, Idaho",223499,16027
0500000US16055,"Kootenai County, Idaho",161505,16055
0500000US16083,"Twin Falls County, Idaho",86081,16083
0500000US17001,"Adams County, Illinois",65691,17001
0500000US17019,"Champaign County, Illinois",209983,17019
0500000US17031,"Cook County, Illinois",5180493,17031
0500000US17037,"DeKalb County, Illinois",104143,17037
0500000US17043,"DuPage County, Illinois",928589,17043
0500000US17089,"Kane County, Illinois",534216,17089
0500000US17091,"Kankakee County, Illinois",110024,17091
0500000US17093,"Kendall County, Illinois",127915,17093
0500000US17097,"Lake County, Illinois",700832,17097
0500000US17099,"LaSalle County, Illinois",109430,17099
0500000US17111,"McHenry County, Illinois",308570,17111
0500000US17113,"McLean County, Illinois",172828,17113
0500000US17115,"Macon County, Illinois",104712,17115
0500000US17119,"Madison County, Illinois",264461,17119
0500000US17143,"Peoria County, Illinois",180621,17143
0500000US17161,"Rock Island County, Illinois",143477,17161
0500000US17163,"St. Clair County, Illinois",261059,17163
0500000US17167,"Sangamon County, Illinois",195348,17167
0500000US17179,"Tazewell County, Illinois",132328,17179
0500000US17183,"Vermilion County, Illinois",76806,17183
0500000US17197,"Will County, Illinois",692310,17197
0500000US17199,"Williamson County, Illinois",67056,17199
0500000US17201,"Winnebago County, Illinois",284081,17201
0500000US18003,"Allen County, Indiana",375351,18003
0500000US18005,"Bartholomew County, Indiana",82753,18005
0500000US18011,"Boone County, Indiana",66999,18011
0500000US18019,"Clark County, Indiana",117360,18019
0500000US18035,"Delaware County, Indiana",114772,18035
0500000US18039,"Elkhart County, Indiana",205560,18039
0500000US18043,"Floyd County, Indiana",77781,18043
0500000US18053,"Grant County, Indiana",65936,18053
0500000US18057,"Hamilton County, Indiana",330086,18057
0500000US18059,"Hancock County, Indiana",76351,18059
0500000US18063,"Hendricks County, Indiana",167009,18063
0500000US18067,"Howard County, Indiana",82366,18067
0500000US18081,"Johnson County, Indiana",156225,18081
0500000US18085,"Kosciusko County, Indiana",79344,18085
0500000US18089,"Lake County, Indiana",484411,18089
0500000US18091,"LaPorte County, Indiana",110007,18091
0500000US18095,"Madison County, Indiana",129641,18095
0500000US18097,"Marion County, Indiana",954670,18097
0500000US18105,"Monroe County, Indiana",146917,18105
0500000US18109,"Morgan County, Indiana",70116,18109
0500000US18127,"Porter County, Indiana",169594,18127
0500000US18141,"St. Joseph County, Indiana",270771,18141
0500000US18157,"Tippecanoe County, Indiana",193048,18157
0500000US18163,"Vanderburgh County, Indiana",180974,18163
0500000US18167,"Vigo County, Indiana",107386,18167
0500000US18177,"Wayne County, Indiana",65936,18177
0500000US19013,"Black Hawk County, Iowa",132408,19013
0500000US19049,"Dallas County, Iowa",90180,19049
0500000US19061,"Dubuque County, Iowa",96854,19061
0500000US19103,"Johnson County, Iowa",151260,19103
0500000US19113,"Linn County, Iowa",225909,19113
0500000US19153,"Polk County, Iowa",487204,19153
0500000US19155,"Pottawattamie County, Iowa",93533,19155
0500000US19163,"Scott County, Iowa",173283,19163
0500000US19169,"Story County, Iowa",98105,19169
0500000US19193,"Woodbury County, Iowa",102539,19193
0500000US20015,"Butler County, Kansas",66765,20015
0500000US20045,"Douglas County, Kansas",121436,20045
0500000US20091,"Johnson County, Kansas",597555,20091
0500000US20103,"Leavenworth County, Kansas",81352,20103
0500000US20161,"Riley County, Kansas",73703,20161
0500000US20173,"Sedgwick County, Kansas",513607,20173
0500000US20177,"Shawnee County, Kansas",177499,20177
0500000US20209,"Wyandotte County, Kansas",165324,20209
0500000US21015,"Boone County, Kentucky",131533,21015
0500000US21029,"Bullitt County, Kentucky",81069,21029
0500000US21037,"Campbell County, Kentucky",93152,21037
0500000US21047,"Christian County, Kentucky",71671,21047
0500000US21059,"Daviess County, Kentucky",101104,21059
0500000US21067,"Fayette County, Kentucky",323780,21067
0500000US21093,"Hardin County, Kentucky",110356,21093
0500000US21111,"Jefferson County, Kentucky",770517,21111
0500000US21117,"Kenton County, Kentucky",166051,21117
0500000US21145,"McCracken County, Kentucky",65346,21145
0500000US21151,"Madison County, Kentucky",92368,21151
0500000US21185,"Oldham County, Kentucky",66470,21185
0500000US21227,"Warren County, Kentucky",131264,21227
0500000US22005,"Ascension Parish, Louisiana",124672,22005
0500000US22015,"Bossier Parish, Louisiana",127185,22015
0500000US22017,"Caddo Parish, Louisiana",242922,22017
0500000US22019,"Calcasieu Parish, Louisiana",203112,22019
0500000US22033,"East Baton Rouge Parish, Louisiana",440956,22033
0500000US22045,"Iberia Parish, Louisiana",70941,22045
0500000US22051,"Jefferson Parish, Louisiana",434051,22051
0500000US22055,"Lafayette Parish, Louisiana",242782,22055
0500000US22057,"Lafourche Parish, Louisiana",98115,22057
0500000US22063,"Livingston Parish, Louisiana",139567,22063
0500000US22071,"Orleans Parish, Louisiana",391006,22071
0500000US22073,"Ouachita Parish, Louisiana",154475,22073
0500000US22079,"Rapides Parish, Louisiana",130562,22079
0500000US22097,"St. Landry Parish, Louisiana",82764,22097
0500000US22103,"St. Tammany Parish, Louisiana",258111,22103
0500000US22105,"Tangipahoa Parish, Louisiana",133777,22105
0500000US22109,"Terrebonne Parish, Louisiana",111021,22109
0500000US23001,"Androscoggin County, Maine",107679,23001
0500000US23003,"Aroostook County, Maine",67111,23003
0500000US23005,"Cumberland County, Maine",293557,23005
0500000US23011,"Kennebec County, Maine",122083,23011
0500000US23019,"Penobscot County, Maine",151096,23019
0500000US23031,"York County, Maine",206229,23031
0500000US24001,"Allegany County, Maryland",70975,24001
0500000US24003,"Anne Arundel County, Maryland",576031,24003
0500000US24005,"Baltimore County, Maryland",828431,24005
0500000US24009,"Calvert County, Maryland",92003,24009
0500000US24013,"Carroll County, Maryland",168429,24013
0500000US24015,"Cecil County, Maryland",102826,24015
0500000US24017,"Charles County, Maryland",161503,24017
0500000US24021,"Frederick County, Maryland",255648,24021
0500000US24025,"Harford County, Maryland",253956,24025
0500000US24027,"Howard County, Maryland",323196,24027
0500000US24031,"Montgomery County, Maryland",1052567,24031
0500000US24033,"Prince George's County, Maryland",909308,24033
0500000US24037,"St. Mary's County, Maryland",112664,24037
0500000US24043,"Washington County, Maryland",150926,24043
0500000US24045,"Wicomico County, Maryland",103195,24045
0500000US24510,"Baltimore city, Maryland",602495,24510
0500000US25001,"Barnstable County, Massachusetts",213413,25001
0500000US25003,"Berkshire County, Massachusetts",126348,25003
0500000US25005,"Bristol County, Massachusetts",564022,25005
0500000US25009,"Essex County, Massachusetts",790638,25009
0500000US25011,"Franklin County, Massachusetts",70963,25011
0500000US25013,"Hampden County, Massachusetts",470406,25013
0500000US25015,"Hampshire County, Massachusetts",161355,25015
0500000US25017,"Middlesex County, Massachusetts",1614714,25017
0500000US25021,"Norfolk County, Massachusetts",705388,25021
0500000US25023,"Plymouth County, Massachusetts",518132,25023
0500000US25025,"Suffolk County, Massachusetts",807252,25025
0500000US25027,"Worcester County, Massachusetts",830839,25027
0500000US26005,"Allegan County, Michigan",117327,26005
0500000US26017,"Bay County, Michigan",103923,26017
0500000US26021,"Berrien County, Michigan",154141,26021
0500000US26025,"Calhoun County, Michigan",134487,26025
0500000US26037,"Clinton County, Michigan",79332,26037
0500000US26045,"Eaton County, Michigan",109826,26045
0500000US26049,"Genesee County, Michigan",406892,26049
0500000US26055,"Grand Traverse County, Michigan",92573,26055
0500000US26065,"Ingham County, Michigan",292735,26065
0500000US26073,"Isabella County, Michigan",70562,26073
0500000US26075,"Jackson County, Michigan",158823,26075
0500000US26077,"Kalamazoo County, Michigan",264870,26077
0500000US26081,"Kent County, Michigan",653786,26081
0500000US26087,"Lapeer County, Michigan",88028,26087
0500000US26091,"Lenawee County, Michigan",98266,26091
0500000US26093,"Livingston County, Michigan",191224,26093
0500000US26099,"Macomb County, Michigan",874759,26099
0500000US26103,"Marquette County, Michigan",66516,26103
0500000US26111,"Midland County, Michigan",83209,26111
0500000US26115,"Monroe County, Michigan",150439,26115
0500000US26121,"Muskegon County, Michigan",173588,26121
0500000US26125,"Oakland County, Michigan",1259201,26125
0500000US26139,"Ottawa County, Michigan",290494,26139
0500000US26145,"Saginaw County, Michigan",190800,26145
0500000US26147,"St. Clair County, Michigan",159337,26147
0500000US26155,"Shiawassee County, Michigan",68192,26155
0500000US26159,"Van Buren County, Michigan",75448,26159
0500000US26161,"Washtenaw County, Michigan",370963,26161
0500000US26163,"Wayne County, Michigan",1753893,26163
0500000US27003,"Anoka County, Minnesota",353813,27003
0500000US27013,"Blue Earth County, Minnesota",67427,27013
0500000US27019,"Carver County, Minnesota",103551,27019
0500000US27037,"Dakota County, Minnesota",425423,27037
0500000US27053,"Hennepin County, Minnesota",1259428,27053
0500000US27109,"Olmsted County, Minnesota",156277,27109
0500000US27123,"Ramsey County, Minnesota",550210,27123
0500000US27131,"Rice County, Minnesota",66523,27131
0500000US27137,"St. Louis County, Minnesota",199754,27137
0500000US27139,"Scott County, Minnesota",147381,27139
0500000US27141,"Sherburne County, Minnesota",96036,27141
0500000US27145,"Stearns County, Minnesota",159256,27145
0500000US27163,"Washington County, Minnesota",259201,27163
0500000US27171,"Wright County, Minnesota",136349,27171
0500000US28033,"DeSoto County, Mississippi",182001,28033
0500000US28035,"Forrest County, Mississippi",75036,28035
0500000US28047,"Harrison County, Mississippi",206650,28047
0500000US28049,"Hinds County, Mississippi",237085,28049
0500000US28059,"Jackson County, Mississippi",143277,28059
0500000US28067,"Jones County, Mississippi",68461,28067
0500000US28075,"Lauderdale County, Mississippi",75317,28075
0500000US28081,"Lee County, Mississippi",85202,28081
0500000US28089,"Madison County, Mississippi",105630,28089
0500000US28121,"Rankin County, Mississippi",153902,28121
0500000US29019,"Boone County, Missouri",180005,29019
0500000US29021,"Buchanan County, Missouri",88571,29021
0500000US29031,"Cape Girardeau County, Missouri",78753,29031
0500000US29037,"Cass County, Missouri",104954,29037
0500000US29043,"Christian County, Missouri",86983,29043
0500000US29047,"Clay County, Missouri",246365,29047
0500000US29051,"Cole County, Missouri",76796,29051
0500000US29071,"Franklin County, Missouri",103670,29071
0500000US29077,"Greene County, Missouri",291923,29077
0500000US29095,"Jackson County, Missouri",700307,29095
0500000US29097,"Jasper County, Missouri",120636,29097
0500000US29099,"Jefferson County, Missouri",224347,29099
0500000US29165,"Platte County, Missouri",102985,29165
0500000US29183,"St. Charles County, Missouri",399182,29183
0500000US29187,"St. Francois County, Missouri",66692,29187
0500000US29189,"St. Louis County, Missouri",996945,29189
0500000US29510,"St. Louis city, Missouri",302838,29510
0500000US30013,"Cascade County, Montana",81643,30013
0500000US30029,"Flathead County, Montana",102106,30029
0500000US30031,"Gallatin County, Montana",111876,30031
0500000US30049,"Lewis and Clark County, Montana",68700,30049
0500000US30063,"Missoula County, Montana",118791,30063
0500000US30111,"Yellowstone County, Montana",160137,30111
0500000US31055,"Douglas County, Nebraska",566880,31055
0500000US31109,"Lancaster County, Nebraska",317272,31109
0500000US31153,"Sarpy County, Nebraska",184459,31153
0500000US32003,"Clark County, Nevada",2231647,32003
0500000US32031,"Washoe County, Nevada",465735,32031
0500000US33005,"Cheshire County, New Hampshire",76493,33005
0500000US33009,"Grafton County, New Hampshire",89786,33009
0500000US33011,"Hillsborough County, New Hampshire",415247,33011
0500000US33013,"Merrimack County, New Hampshire",151132,33013
0500000US33015,"Rockingham County, New Hampshire",309176,33015
0500000US33017,"Strafford County, New Hampshire",130090,33017
0500000US34001,"Atlantic County, New Jersey",265429,34001
0500000US34003,"Bergen County, New Jersey",936692,34003
0500000US34005,"Burlington County, New Jersey",445384,34005
0500000US34007,"Camden County, New Jersey",507078,34007
0500000US34009,"Cape May County, New Jersey",92560,34009
0500000US34011,"Cumberland County, New Jersey",150972,34011
0500000US34013,"Essex County, New Jersey",799767,34013
0500000US34015,"Gloucester County, New Jersey",291408,34015
0500000US34017,"Hudson County, New Jersey",676061,34017
0500000US34019,"Hunterdon County, New Jersey",124714,34019
0500000US34021,"Mercer County, New Jersey",369811,34021
0500000US34023,"Middlesex County, New Jersey",829685,34023
0500000US34025,"Monmouth County, New Jersey",621354,34025
0500000US34027,"Morris County, New Jersey",494228,34027
0500000US34029,"Ocean County, New Jersey",601651,34029
0500000US34031,"Passaic County, New Jersey",503310,34031
0500000US34033,"Salem County, New Jersey",62607,34033
0500000US34035,"Somerset County, New Jersey",331164,34035
0500000US34037,"Sussex County, New Jersey",140799,34037
0500000US34039,"Union County, New Jersey",558067,34039
0500000US34041,"Warren County, New Jersey",105779,34041
0500000US35001,"Bernalillo County, New Mexico",678701,35001
0500000US35005,"Chaves County, New Mexico",64689,35005
0500000US35013,"Doña Ana County, New Mexico",217522,35013
0500000US35025,"Lea County, New Mexico",69611,35025
0500000US35031,"McKinley County, New Mexico",72290,35031
0500000US35035,"Otero County, New Mexico",66781,35035
0500000US35043,"Sandoval County, New Mexico",145179,35043
0500000US35045,"San Juan County, New Mexico",125043,35045
0500000US35049,"Santa Fe County, New Mexico",150056,35049
0500000US35061,"Valencia County, New Mexico",76456,35061
0500000US36001,"Albany County, New York",307117,36001
0500000US36005,"Bronx County, New York",1432132,36005
0500000US36007,"Broome County, New York",191659,36007
0500000US36009,"Cattaraugus County, New York",76840,36009
0500000US36011,"Cayuga County, New York",77145,36011
0500000US36013,"Chautauqua County, New York",127939,36013
0500000US36015,"Chemung County, New York",84254,36015
0500000US36019,"Clinton County, New York",80695,36019
0500000US36027,"Dutchess County, New York",293718,36027
0500000US36029,"Erie County, New York",919719,36029
0500000US36045,"Jefferson County, New York",111755,36045
0500000US36047,"Kings County, New York",2582830,36047
0500000US36051,"Livingston County, New York",63227,36051
0500000US36053,"Madison County, New York",70795,36053
0500000US36055,"Monroe County, New York",742474,36055
0500000US36059,"Nassau County, New York",1358343,36059
0500000US36061,"New York County, New York",1628701,36061
0500000US36063,"Niagara County, New York",210433,36063
0500000US36065,"Oneida County, New York",229577,36065
0500000US36067,"Onondaga County, New York",461809,36067
0500000US36069,"Ontario County, New York",109864,36069
0500000US36071,"Orange County, New York",381951,36071
0500000US36075,"Oswego County, New York",117898,36075
0500000US36079,"Putnam County, New York",98892,36079
0500000US36081,"Queens County, New York",2278906,36081
0500000US36083,"Rensselaer County, New York",159442,36083
0500000US36085,"Richmond County, New York",476179,36085
0500000US36087,"Rockland County, New York",325695,36087
0500000US36089,"St. Lawrence County, New York",108047,36089
0500000US36091,"Saratoga County, New York",230163,36091
0500000US36093,"Schenectady County, New York",155350,36093
0500000US36101,"Steuben County, New York",95796,36101
0500000US36103,"Suffolk County, New York",1481093,36103
0500000US36105,"Sullivan County, New York",75498,36105
0500000US36109,"Tompkins County, New York",102793,36109
0500000US36111,"Ulster County, New York",178599,36111
0500000US36113,"Warren County, New York",64265,36113
0500000US36117,"Wayne County, New York",90064,36117
0500000US36119,"Westchester County, New York",967612,36119
0500000US37001,"Alamance County, North Carolina",166436,37001
0500000US37019,"Brunswick County, North Carolina",136744,37019
0500000US37021,"Buncombe County, North Carolina",259103,37021
0500000US37023,"Burke County, North Carolina",90382,37023
0500000US37025,"Cabarrus County, North Carolina",211342,37025
0500000US37027,"Caldwell County, North Carolina",82029,37027
0500000US37031,"Carteret County, North Carolina",69524,37031
0500000US37035,"Catawba County, North Carolina",158652,37035
0500000US37037,"Chatham County, North Carolina",73139,37037
0500000US37045,"Cleveland County, North Carolina",97645,37045
0500000US37049,"Craven County, North Carolina",102912,37049
0500000US37051,"Cumberland County, North Carolina",332330,37051
0500000US37057,"Davidson County, North Carolina",166614,37057
0500000US37063,"Durham County, North Carolina",316739,37063
0500000US37067,"Forsyth County, North Carolina",379099,37067
0500000US37069,"Franklin County, North Carolina",67560,37069
0500000US37071,"Gaston County, North Carolina",222846,37071
0500000US37081,"Guilford County, North Carolina",533670,37081
0500000US37085,"Harnett County, North Carolina",134214,37085
0500000US37089,"Henderson County, North Carolina",116748,37089
0500000US37097,"Iredell County, North Carolina",178435,37097
0500000US37101,"Johnston County, North Carolina",202675,37101
0500000US37109,"Lincoln County, North Carolina",83770,37109
0500000US37119,"Mecklenburg County, North Carolina",1093901,37119
0500000US37125,"Moore County, North Carolina",98682,37125
0500000US37127,"Nash County, North Carolina",94016,37127
0500000US37129,"New Hanover County, North Carolina",232274,37129
0500000US37133,"Onslow County, North Carolina",197683,37133
0500000US37135,"Orange County, North Carolina",146027,37135
0500000US37147,"Pitt County, North Carolina",179914,37147
0500000US37151,"Randolph County, North Carolina",143351,37151
0500000US37155,"Robeson County, North Carolina",131831,37155
0500000US37157,"Rockingham County, North Carolina",90690,37157
0500000US37159,"Rowan County, North Carolina",141262,37159
0500000US37161,"Rutherford County, North Carolina",66826,37161
0500000US37171,"Surry County, North Carolina",71948,37171
0500000US37179,"Union County, North Carolina",235908,37179
0500000US37183,"Wake County, North Carolina",1092305,37183
0500000US37191,"Wayne County, North Carolina",123248,37191
0500000US37193,"Wilkes County, North Carolina",68557,37193
0500000US37195,"Wilson County, North Carolina",81455,37195
0500000US38015,"Burleigh County, North Dakota",95273,38015
0500000US38017,"Cass County, North Dakota",181516,38017
0500000US38035,"Grand Forks County, North Dakota",70770,38035
0500000US38101,"Ward County, North Dakota",67744,38101
0500000US39003,"Allen County, Ohio",102663,39003
0500000US39007,"Ashtabula County, Ohio",97493,39007
0500000US39009,"Athens County, Ohio",65818,39009
0500000US39013,"Belmont County, Ohio",67505,39013
0500000US39017,"Butler County, Ohio",382378,39017
0500000US39023,"Clark County, Ohio",134585,39023
0500000US39025,"Clermont County, Ohio",205466,39025
0500000US39029,"Columbiana County, Ohio",102665,39029
0500000US39035,"Cuyahoga County, Ohio",1243857,39035
0500000US39041,"Delaware County, Ohio",204826,39041
0500000US39043,"Erie County, Ohio",74615,39043
0500000US39045,"Fairfield County, Ohio",155782,39045
0500000US39049,"Franklin County, Ohio",1310300,39049
0500000US39055,"Geauga County, Ohio",94031,39055
0500000US39057,"Greene County, Ohio",167995,39057
0500000US39061,"Hamilton County, Ohio",816684,39061
0500000US39063,"Hancock County, Ohio",75930,39063
0500000US39081,"Jefferson County, Ohio",65767,39081
0500000US39085,"Lake County, Ohio",230514,39085
0500000US39089,"Licking County, Ohio",175769,39089
0500000US39093,"Lorain County, Ohio",309461,39093
0500000US39095,"Lucas County, Ohio",429899,39095
0500000US39099,"Mahoning County, Ohio",229642,39099
0500000US39101,"Marion County, Ohio",65256,39101
0500000US39103,"Medina County, Ohio",179146,39103
0500000US39109,"Miami County, Ohio",106222,39109
0500000US39113,"Montgomery County, Ohio",532331,39113
0500000US39119,"Muskingum County, Ohio",86183,39119
0500000US39133,"Portage County, Ohio",162927,39133
0500000US39139,"Richland County, Ohio",121099,39139
0500000US39141,"Ross County, Ohio",76931,39141
0500000US39145,"Scioto County, Ohio",75502,39145
0500000US39151,"Stark County, Ohio",371574,39151
0500000US39153,"Summit County, Ohio",541918,39153
0500000US39155,"Trumbull County, Ohio",198627,39155
0500000US39157,"Tuscarawas County, Ohio",92176,39157
0500000US39165,"Warren County, Ohio",232173,39165
0500000US39169,"Wayne County, Ohio",115967,39169
0500000US39173,"Wood County, Ohio",130696,39173
0500000US40017,"Canadian County, Oklahoma",144447,40017
0500000US40027,"Cleveland County, Oklahoma",281669,40027
0500000US40031,"Comanche County, Oklahoma",120422,40031
0500000US40037,"Creek County, Oklahoma",71604,40037
0500000US40101,"Muskogee County, Oklahoma",68362,40101
0500000US40109,"Oklahoma County, Oklahoma",792582,40109
0500000US40119,"Payne County, Oklahoma",82040,40119
0500000US40125,"Pottawatomie County, Oklahoma",72679,40125
0500000US40131,"Rogers County, Oklahoma",91984,40131
0500000US40143,"Tulsa County, Oklahoma",648360,40143
0500000US40145,"Wagoner County, Oklahoma",80110,40145
0500000US41003,"Benton County, Oregon",92101,41003
0500000US41005,"Clackamas County, Oregon",416075,41005
0500000US41017,"Deschutes County, Oregon",191996,41017
0500000US41019,"Douglas County, Oregon",110283,41019
0500000US41029,"Jackson County, Oregon",219564,41029
0500000US41033,"Josephine County, Oregon",87393,41033
0500000US41035,"Klamath County, Oregon",67653,41035
0500000US41039,"Lane County, Oregon",379611,41039
0500000US41043,"Linn County, Oregon",127335,41043
0500000US41047,"Marion County, Oregon",346868,41047
0500000US41051,"Multnomah County, Oregon",811880,41051
0500000US41053,"Polk County, Oregon",85234,41053
0500000US41059,"Umatilla County, Oregon",77516,41059
0500000US41067,"Washington County, Oregon",597695,41067
0500000US41071,"Yamhill County, Oregon",107002,41071
0500000US42001,"Adams County, Pennsylvania",102811,42001
0500000US42003,"Allegheny County, Pennsylvania",1218452,42003
0500000US42005,"Armstrong County, Pennsylvania",65263,42005
0500000US42007,"Beaver County, Pennsylvania",164742,42007
0500000US42011,"Berks County, Pennsylvania",420152,42011
0500000US42013,"Blair County, Pennsylvania",122492,42013
0500000US42017,"Bucks County, Pennsylvania",628195,42017
0500000US42019,"Butler County, Pennsylvania",187888,42019
0500000US42021,"Cambria County, Pennsylvania",131730,42021
0500000US42025,"Carbon County, Pennsylvania",64227,42025
0500000US42027,"Centre County, Pennsylvania",162805,42027
0500000US42029,"Chester County, Pennsylvania",522046,42029
0500000US42033,"Clearfield County, Pennsylvania",79388,42033
0500000US42037,"Columbia County, Pennsylvania",65456,42037
0500000US42039,"Crawford County, Pennsylvania",85063,42039
0500000US42041,"Cumberland County, Pennsylvania",251423,42041
0500000US42043,"Dauphin County, Pennsylvania",277097,42043
0500000US42045,"Delaware County, Pennsylvania",564751,42045
0500000US42049,"Erie County, Pennsylvania",272061,42049
0500000US42051,"Fayette County, Pennsylvania",130441,42051
0500000US42055,"Franklin County, Pennsylvania",154835,42055
0500000US42063,"Indiana County, Pennsylvania",84501,42063
0500000US42069,"Lackawanna County, Pennsylvania",210793,42069
0500000US42071,"Lancaster County, Pennsylvania",543557,42071
0500000US42073,"Lawrence County, Pennsylvania",86184,42073
0500000US42075,"Lebanon County, Pennsylvania",141314,42075
0500000US42077,"Lehigh County, Pennsylvania",368100,42077
0500000US42079,"Luzerne County, Pennsylvania",317646,42079
0500000US42081,"Lycoming County, Pennsylvania",113664,42081
0500000US42085,"Mercer County, Pennsylvania",110683,42085
0500000US42089,"Monroe County, Pennsylvania",169507,42089
0500000US42091,"Montgomery County, Pennsylvania",828604,42091
0500000US42095,"Northampton County, Pennsylvania",304807,42095
0500000US42097,"Northumberland County, Pennsylvania",91083,42097
0500000US42101,"Philadelphia County, Pennsylvania",1584138,42101
0500000US42107,"Schuylkill County, Pennsylvania",142067,42107
0500000US42111,"Somerset County, Pennsylvania",73952,42111
0500000US42125,"Washington County, Pennsylvania",207346,42125
0500000US42129,"Westmoreland County, Pennsylvania",350611,42129
0500000US42133,"York County, Pennsylvania",448273,42133
0500000US44003,"Kent County, Rhode Island",163861,44003
0500000US44005,"Newport County, Rhode Island",82542,44005
0500000US44007,"Providence County, Rhode Island",636084,44007
0500000US44009,"Washington County, Rhode Island",126179,44009
0500000US45003,"Aiken County, South Carolina",169401,45003
0500000US45007,"Anderson County, South Carolina",200482,45007
0500000US45013,"Beaufort County, South Carolina",188715,45013
0500000US45015,"Berkeley County, South Carolina",221091,45015
0500000US45019,"Charleston County, South Carolina",405905,45019
0500000US45031,"Darlington County, South Carolina",66802,45031
0500000US45035,"Dorchester County, South Carolina",160647,45035
0500000US45041,"Florence County, South Carolina",138159,45041
0500000US45045,"Greenville County, South Carolina",514213,45045
0500000US45047,"Greenwood County, South Carolina",70741,45047
0500000US45051,"Horry County, South Carolina",344147,45051
0500000US45055,"Kershaw County, South Carolina",65592,45055
0500000US45057,"Lancaster County, South Carolina",95380,45057
0500000US45059,"Laurens County, South Carolina",66994,45059
0500000US45063,"Lexington County, South Carolina",295032,45063
0500000US45073,"Oconee County, South Carolina",78374,45073
0500000US45075,"Orangeburg County, South Carolina",86934,45075
0500000US45077,"Pickens County, South Carolina",124937,45077
0500000US45079,"Richland County, South Carolina",414576,45079
0500000US45083,"Spartanburg County, South Carolina",313888,45083
0500000US45085,"Sumter County, South Carolina",106512,45085
0500000US45091,"York County, South Carolina",274118,45091
0500000US46099,"Minnehaha County, South Dakota",192876,46099
0500000US46103,"Pennington County, South Dakota",111729,46103
0500000US47001,"Anderson County, Tennessee",76482,47001
0500000US47009,"Blount County, Tennessee",131349,47009
0500000US47011,"Bradley County, Tennessee",106727,47011
0500000US47037,"Davidson County, Tennessee",692587,47037
0500000US47059,"Greene County, Tennessee",69087,47059
0500000US47065,"Hamilton County, Tennessee",364286,47065
0500000US47093,"Knox County, Tennessee",465289,47093
0500000US47113,"Madison County, Tennessee",97605,47113
0500000US47119,"Maury County, Tennessee",94340,47119
0500000US47125,"Montgomery County, Tennessee",205950,47125
0500000US47141,"Putnam County, Tennessee",78843,47141
0500000US47147,"Robertson County, Tennessee",71012,47147
0500000US47149,"Rutherford County, Tennessee",324890,47149
0500000US47155,"Sevier County, Tennessee",97892,47155
0500000US47157,"Shelby County, Tennessee",935764,47157
0500000US47163,"Sullivan County, Tennessee",157668,47163
0500000US47165,"Sumner County, Tennessee",187149,47165
0500000US47179,"Washington County, Tennessee",128607,47179
0500000US47187,"Williamson County, Tennessee",231729,47187
0500000US47189,"Wilson County, Tennessee",140625,47189
0500000US48005,"Angelina County, Texas",87092,48005
0500000US48021,"Bastrop County, Texas",86976,48021
0500000US48027,"Bell County, Texas",355642,48027
0500000US48029,"Bexar County, Texas",1986049,48029
0500000US48037,"Bowie County, Texas",94324,48037
0500000US48039,"Brazoria County, Texas",370200,48039
0500000US48041,"Brazos County, Texas",226758,48041
0500000US48061,"Cameron County, Texas",423908,48061
0500000US48085,"Collin County, Texas",1005146,48085
0500000US48091,"Comal County, Texas",148373,48091
0500000US48099,"Coryell County, Texas",74808,48099
0500000US48113,"Dallas County, Texas",2637772,48113
0500000US48121,"Denton County, Texas",859064,48121
0500000US48135,"Ector County, Texas",162124,48135
0500000US48139,"Ellis County, Texas",179436,48139
0500000US48141,"El Paso County, Texas",840758,48141
0500000US48157,"Fort Bend County, Texas",787858,48157
0500000US48167,"Galveston County, Texas",337890,48167
0500000US48181,"Grayson County, Texas",133991,48181
0500000US48183,"Gregg County, Texas",123707,48183
0500000US48187,"Guadalupe County, Texas",163694,48187
0500000US48201,"Harris County, Texas",4698619,48201
0500000US48203,"Harrison County, Texas",66726,48203
0500000US48209,"Hays County, Texas",222631,48209
0500000US48213,"Henderson County, Texas",82299,48213
0500000US48215,"Hidalgo County, Texas",865939,48215
0500000US48231,"Hunt County, Texas",96493,48231
0500000US48245,"Jefferson County, Texas",255001,48245
0500000US48251,"Johnson County, Texas",171361,48251
0500000US48257,"Kaufman County, Texas",128622,48257
0500000US48291,"Liberty County, Texas",86323,48291
0500000US48303,"Lubbock County, Texas",307412,48303
0500000US48309,"McLennan County, Texas",254607,48309
0500000US48329,"Midland County, Texas",172578,48329
0500000US48339,"Montgomery County, Texas",590925,48339
0500000US48347,"Nacogdoches County, Texas",65711,48347
0500000US48355,"Nueces County, Texas",362265,48355
0500000US48361,"Orange County, Texas",83572,48361
0500000US48367,"Parker County, Texas",138371,48367
0500000US48375,"Potter County, Texas",119648,48375
0500000US48381,"Randall County, Texas",136271,48381
0500000US48397,"Rockwall County, Texas",100657,48397
0500000US48409,"San Patricio County, Texas",66893,48409
0500000US48423,"Smith County, Texas",230221,48423
0500000US48439,"Tarrant County, Texas",2084931,48439
0500000US48441,"Taylor County, Texas",137640,48441
0500000US48451,"Tom Green County, Texas",118189,48451
0500000US48453,"Travis County, Texas",1248743,48453
0500000US48469,"Victoria County, Texas",92035,48469
0500000US48471,"Walker County, Texas",72480,48471
0500000US48479,"Webb County, Texas",275910,48479
0500000US48485,"Wichita County, Texas",132064,48485
0500000US48491,"Williamson County, Texas",566719,48491
0500000US48497,"Wise County, Texas",68305,48497
0500000US49005,"Cache County, Utah",127068,49005
0500000US49011,"Davis County, Utah",351713,49011
0500000US49035,"Salt Lake County, Utah",1152633,49035
0500000US49045,"Tooele County, Utah",69907,49045
0500000US49049,"Utah County, Utah",622213,49049
0500000US49053,"Washington County, Utah",171700,49053
0500000US49057,"Weber County, Utah",256359,49057
0500000US50007,"Chittenden County, Vermont",164572,50007
0500000US51003,"Albemarle County, Virginia",108718,51003
0500000US51013,"Arlington County, Virginia",237521,51013
0500000US51015,"Augusta County, Virginia",75457,51015
0500000US51019,"Bedford County, Virginia",78747,51019
0500000US51041,"Chesterfield County, Virginia",348556,51041
0500000US51059,"Fairfax County, Virginia",1150795,51059
0500000US51061,"Fauquier County, Virginia",70675,51061
0500000US51069,"Frederick County, Virginia",88355,51069
0500000US51085,"Hanover County, Virginia",107239,51085
0500000US51087,"Henrico County, Virginia",329261,51087
0500000US51095,"James City County, Virginia",76397,51095
0500000US51107,"Loudoun County, Virginia",406850,51107
0500000US51121,"Montgomery County, Virginia",98985,51121
0500000US51153,"Prince William County, Virginia",468011,51153
0500000US51161,"Roanoke County, Virginia",94073,51161
0500000US51165,"Rockingham County, Virginia",81244,51165
0500000US51177,"Spotsylvania County, Virginia",134238,51177
0500000US51179,"Stafford County, Virginia",149960,51179
0500000US51199,"York County, Virginia",67846,51199
0500000US51510,"Alexandria city, Virginia",160530,51510
0500000US51550,"Chesapeake city, Virginia",242634,51550
0500000US51650,"Hampton city, Virginia",134313,51650
0500000US51680,"Lynchburg city, Virginia",82126,51680
0500000US51700,"Newport News city, Virginia",178626,51700
0500000US51710,"Norfolk city, Virginia",244076,51710
0500000US51740,"Portsmouth city, Virginia",94632,51740
0500000US51760,"Richmond city, Virginia",228783,51760
0500000US51770,"Roanoke city, Virginia",99920,51770
0500000US51800,"Suffolk city, Virginia",91185,51800
0500000US51810,"Virginia Beach city, Virginia",450189,51810
0500000US53005,"Benton County, Washington",201877,53005
0500000US53007,"Chelan County, Washington",77036,53007
0500000US53009,"Clallam County, Washington",76737,53009
0500000US53011,"Clark County, Washington",481857,53011
0500000US53015,"Cowlitz County, Washington",108987,53015
0500000US53021,"Franklin County, Washington",94347,53021
0500000US53025,"Grant County, Washington",97331,53025
0500000US53027,"Grays Harbor County, Washington",73901,53027
0500000US53029,"Island County, Washington",84460,53029
0500000US53033,"King County, Washington",2233163,53033
0500000US53035,"Kitsap County, Washington",269805,53035
0500000US53041,"Lewis County, Washington",79604,53041
0500000US53045,"Mason County, Washington",65507,53045
0500000US53053,"Pierce County, Washington",891299,53053
0500000US53057,"Skagit County, Washington",128206,53057
0500000US53061,"Snohomish County, Washington",814901,53061
0500000US53063,"Spokane County, Washington",514631,53063
0500000US53067,"Thurston County, Washington",286419,53067
0500000US53073,"Whatcom County, Washington",225685,53073
0500000US53077,"Yakima County, Washington",251446,53077
0500000US54003,"Berkeley County, West Virginia",117123,54003
0500000US54011,"Cabell County, West Virginia",93224,54011
0500000US54033,"Harrison County, West Virginia",67554,54033
0500000US54039,"Kanawha County, West Virginia",180454,54039
0500000US54061,"Monongalia County, West Virginia",106420,54061
0500000US54081,"Raleigh County, West Virginia",74254,54081
0500000US54107,"Wood County, West Virginia",84203,54107
0500000US55009,"Brown County, Wisconsin",263378,55009
0500000US55025,"Dane County, Wisconsin",542364,55025
0500000US55027,"Dodge County, Wisconsin",87847,55027
0500000US55035,"Eau Claire County, Wisconsin",104534,55035
0500000US55039,"Fond du Lac County, Wisconsin",103066,55039
0500000US55055,"Jefferson County, Wisconsin",85129,55055
0500000US55059,"Kenosha County, Wisconsin",169290,55059
0500000US55063,"La Crosse County, Wisconsin",118230,55063
0500000US55071,"Manitowoc County, Wisconsin",79074,55071
0500000US55073,"Marathon County, Wisconsin",135428,55073
0500000US55079,"Milwaukee County, Wisconsin",948201,55079
0500000US55087,"Outagamie County, Wisconsin",187365,55087
0500000US55089,"Ozaukee County, Wisconsin",89147,55089
0500000US55097,"Portage County, Wisconsin",70942,55097
0500000US55101,"Racine County, Wisconsin",196584,55101
0500000US55105,"Rock County, Wisconsin",163129,55105
0500000US55109,"St. Croix County, Wisconsin",89694,55109
0500000US55117,"Sheboygan County, Wisconsin",115456,55117
0500000US55127,"Walworth County, Wisconsin",103718,55127
0500000US55131,"Washington County, Wisconsin",135693,55131
0500000US55133,"Waukesha County, Wisconsin",403072,55133
0500000US55139,"Winnebago County, Wisconsin",171020,55139
0500000US55141,"Wood County, Wisconsin",73055,55141
0500000US56021,"Laramie County, Wyoming",98976,56021
0500000US56025,"Natrona County, Wyoming",79115,56025
0500000US72013,"Arecibo Municipio, Puerto Rico",82114,72013
0500000US72021,"Bayamón Municipio, Puerto Rico",170480,72021
0500000US72025,"Caguas Municipio, Puerto Rico",124434,72025
0500000US72031,"Carolina Municipio, Puerto Rico",147661,72031
0500000US72061,"Guaynabo Municipio, Puerto Rico",83787,72061
0500000US72097,"Mayagüez Municipio, Puerto Rico",71986,72097
0500000US72113,"Ponce Municipio, Puerto Rico",133191,72113
0500000US72127,"San Juan Municipio, Puerto Rico",320967,72127
0500000US72135,"Toa Alta Municipio, Puerto Rico",71094,72135
0500000US72137,"Toa Baja Municipio, Puerto Rico",74623,72137
0500000US72139,"Trujillo Alto Municipio, Puerto Rico",63746,72139
